park_name,state_ut,location,formed_year,notable_features,flora_fauna,rivers_lakes
"Campbell Bay National Park","Andaman and Nicobar Islands","Great Nicobar Island","1992","Part of Great Nicobar Biosphere Reserve","Crab-eating macaque, Nicobar treeshrew","N/A"
"Galathea National Park","Andaman and Nicobar Islands","N/A","1992","Giant robber crab, Nicobar pigeon, Megapode","Galathea River","N/A"
"Mahatma Gandhi Marine National Park(Wandoor)","Andaman and Nicobar Islands","Wandoor","1983","N/A","N/A","N/A"
"Mount Harriet National Park","Andaman and Nicobar Islands","Mount Manipur854yoifg","1987","Important bird area as attributed by BirdLife65g International The park is also a butterfly hotspot.","Andaman wild pigs, saltwater crocodiles, turtles, robber crabs.","N/A"
"Rani Jhansi Marine National Park","Andaman and Nicobar Islands","Ritchie's Archipelago","1996","N/A","N/A","N/A"
"Saddle Peak National Park","Andaman and Nicobar Islands","Saddle Peak","1987","N/A","N/A","Kalpong Dam Reservoir"
"North Button Island National Park","Andaman and Nicobar Islands","N/A","N/A","N/A","N/A","N/A"
"Middle Button Island National Park","Andaman and Nicobar Islands","N/A","N/A","N/A","N/A","N/A"
"South Button Island National Park","Andaman and Nicobar Islands","N/A","N/A","N/A","N/A","N/A"
"Papikonda National Park","Andhra Pradesh","Near Rajamahendravaram","2008","Important bird and biodiversity area by BirdLife International","Royal Bengal Tiger, Leopards, rusty-spotted cat, King cobra .","Godavari River"
"Rajiv Gandhi National Park (Rameswaram)","Andhra Pradesh","Near Rameswaram","2005","N/A","N/A","Penna River"
"Sri Venkateswara National Park","Andhra Pradesh","Near Tirumala, Seshachalam Hills and Tirumala Hills","1989","N/A","Yellow-throated bulbul, White-rumped vulture","N/A"
"Mouling National Park","Arunachal Pradesh","Siang Valley","1986","Forms the western part of Dihang-Dibang biosphere reserve","takin, goral, Indian leopard, Bengal tiger, barking deer, serow and red panda","Siyom River"
"Namdapha National Park","Arunachal Pradesh","Near Miao","1983","part of Mizoram–Manipur–Kachin rain forests","Sapria himalayana, Namdapha flying squirrel, red panda, dhole, Malayan sun bear, Indian wolf, Asiatic black bear, gaur, stump-tailed macaque, Assamese macaque, rhesus macaque.","Noa Dihing River"
"Dibru-Saikhowa National Park","Assam","Near Tinsukia","1999","Largest Swamp Forest in North-east India","Feral horse, Wild water buffalo, Ganges river dolphin etc.","Brahmaputra River, Lohit River, Dibru River"
"Dihing Patkai National Park","Assam","Near Digboi, Margherita","2021","Declared as reserve under Project Elephant and largest lowland forest in India","White-winged duck, Slow loris","Dihing river"
"Raimona National Park","Assam","Near Gossaigaon","2021","Part of Eastern Himalayan Foothills","Gee's golden langur","Sankosh River"
"Kaziranga National Park","Assam","Near Kaliabor","1974","Declared as UNESCO World Heritage Site in 1985 Largest population of Indian Rhinoceros, wild water buffalo and Eastern Swamp Deer","Indian rhinoceros, Royal Bengal Tiger, Wild water buffalo, Asian elephant, Eastern Swamp Deer","Brahmaputra River, Mora Dhiplu, Dhiplu, Mora Dhansiri"
"Manas National Park","Assam","Near Barpeta Road","1990","Declared as UNESCO World Heritage Site in 1985 contiguous with Royal Manas National Park, Bhutan Also a biosphere reserve and Elephant reserve","Indian Elephants, Wild water Buffalo, Capped langur, Rare species such as,Assam roofed turtle, hispid hare, golden langur and pygmy hog","Manas River, Beki River"
"Nameri National Park","Assam","NearBhalukpong","1998","N/A","Dendrobium Orchid, Bengal Tiger, Clouded Leopard, Asian fairy-bluebird","Kameng River, Other tributaries Nameri, Dinai, Diji etc."
"Orang National Park","Assam","North bank of the Brahmaputra river","1999","N/A","The Great Indian rhinoceros, pygmy hog, Asian elephant, wild water buffalo, Bengal tiger, hog deer, Gangetic dolphin, Indian pangolin","Dhanshiri river"
"Sikhna Jwhwlao National Park","Assam","Near Kokrajhar","2025","N/A","Pygmy Hog, Hog deer, Indian crested porcupine, Asian elephant, Chinese Pangolin","Saralbhanga river"
"Valmiki National Park","Bihar","Near Valmiki Nagar, Bagaha","1978","Home of Tharu people in India","Bengal tiger, Indian gaur, Indian rhinoceros, Asian black bear, Indian elephant, Indian leopard","Gandaki River, Sonha and Pachnad rivers, Burhi Gandak River, Pandai River etc."
"Guru Ghasidas National Park(Sanjay)","Chhattisgarh","Near Ambikapur, Manendragarh, Chirimiri","1981","Largest national park of Chhattisgarh","N/A","N/A"
"Indravati National Park(Kutru)","Chhattisgarh","Near Dantewada","1982","N/A","Wild Buffaloes, Tigers, Hill Mynas","Indravati River"
"Kanger Ghati National Park","Chhattisgarh","Near Jagdalpur","1982","N/A","Indoreonectes evezardi","N/A"
"Mollem National Park","Goa","Near Molem","1978","Famous Dudhsagar Falls located in it and also the Mahadev Temple of Kadamba architecture is also located inside of it","N/A","N/A"
"Blackbuck National Park(Velavadar)","Gujarat","Near Bhavnagar, Vallabhipur, Dholera, Dhandhuka","1976","A grassland ecosystem for conservation of Blackbuck, Lesser florican Successful conservation programs for the blackbuck, wolf and lesser florican, bustard","Blackbucks, Indian grey wolf, striped hyena, Bengal fox, golden jackal, jungle cat and many other small mammals","N/A"
"Gir Forest National Park","Gujarat","Near Sasangir, Tulsishyam, Talala, Gir Gadhada","1965","Only habitat of Asiatic Lion","Asiatic lion, Indian Leopard, Stripped Hyna, Golden Jackle","Hiran, Machhundri, Raval and Shingoda Rivers"
"Marine National Park(Gulf of Kutch)","Gujarat","Near Dwarka, Bet Dwarka, Okha","1982","There are 42 island and park is situated on coral reefs","Corals, sponges, jellyfish, endangered sea turtles such as green sea turtles, olive ridleys and leatherbacks, dugongs, Indo-Pacific humpback dolphins, blue whales","N/A"
"Vansda National Park","Gujarat","Near vansda city","1979","N/A","Leopard, Dhole, Rhesus Macaque, Common Palm Civet, Hanuman Langur, Small Indian Civet, Four-Horned Antelope, Wild Boar, Indian Porcupine, Barking Deer, Striped Hyena, Jungle Cat, Flying Squirrel, Pangolin and Indian Giant Squirrel.","There are 443 species of flowering plants. This includes teak, sadad, khakhro, kadad, humb, timru, kalam, bamboo, dudhkod, mahudo, behada, umaro, kusum, tanach, asan, shimlo, ambla, sisam, chopadi bondaro, etc. There is a variety of colourful orchids at Ambika river"
"Kalesar National Park","Haryana","Near Bilaspur(Yamunanagar district), Paonta Sahib","2003","Located in Sivalik Hills","N/A","Yamuna River"
"Sultanpur National Park","Haryana","Near Gurugram","1991","Declared as Ramsar Wetland in 2021","N/A","N/A"
"Great Himalayan National Park","Himachal Pradesh","Near Banjar","1985","Declared as UNESCO World Heritage Site in 2014 popular trekking and ecotourism destination","Bharal, snow leopard, Himalayan brown bear, Himalayan tahr, Musk deer","Sainj River, Parvati River, Tirthan River, Jiwa Nal River"
"Inderkilla National Park","Himachal Pradesh","Near Manali","2010","N/A","N/A","Beas River"
"Khirganga National Park","Himachal Pradesh","Near Kasol","2010","Popular destination for Hiking, Canyoning","N/A","Parvati River"
"Pin Valley National Park","Himachal Pradesh","Near Karzey","1987","Cold Desert area","Cedrus deodara, Himalayan snowcock, Chough","Pin River"
"Simbalbara National Park","Himachal Pradesh","Near Paonta Sahib","2010","N/A","Goral, Sambar deer, Chital","N/A"
"Dachigam National Park","Jammu and Kashmir","Near Srinagar","1981","Only area where Hangul is found","Hangul, Thar, Leopard cat, Musk deer, Snow Leopard, Himalayan black bear, Himalayan brown bear, Otter","Sarband Reservoir"
"Kishtwar National Park","Jammu and Kashmir","Near Kishtwar","1981","N/A","Himalayan snowcock, Brown bear","Marusudar River, Chenab River"
"Kazinag National Park","Jammu and Kashmir","Near Baramulla","1992","Located on Line of Control","Markhor, Himalayan musk deer, Golden eagle, Snow pigeon, Flora- Deodar, Fir, Spruce, Kail","Jhelum River"
"City Forest National Park(Salim Ali)","Jammu and Kashmir","Near Srinagar","1986","Turned into the Royal Springs Golf Course","Hangul, Brown bear, Indian paradise flycatcher, Himalayan Serow, Ring Dove, The Lesser Kestrel","Dal lake"
"Betla National Park","Jharkhand","Near Medininagar","1974","N/A","Tiger, Indian bison, elephant, hyenas, monkey, leopard","North Koel River"
"Anshi National Park","Karnataka","N/A","N/A","N/A","N/A","N/A"
"Bandipur National Park","Karnataka","N/A","N/A","N/A","N/A","N/A"
"Bannerghatta National Park","Karnataka","N/A","N/A","N/A","N/A","N/A"
"Kudremukh National Park","Karnataka","N/A","N/A","N/A","N/A","N/A"
"Nagarhole National Park(Rajiv Gandhi)","Karnataka","N/A","N/A","N/A","N/A","N/A"
"Anamudi Shola National Park","Kerala","N/A","N/A","N/A","N/A","N/A"
"Eravikulam National Park","Kerala","N/A","N/A","N/A","N/A","N/A"
"Mathikettan Shola National Park","Kerala","N/A","N/A","N/A","N/A","N/A"
"Pambadum Shola National Park","Kerala","N/A","N/A","N/A","N/A","N/A"
"Periyar National Park","Kerala","N/A","N/A","N/A","N/A","N/A"
"Silent Valley National Park","Kerala","N/A","N/A","N/A","N/A","N/A"
"Hemis National Park","Ladakh","N/A","N/A","N/A","N/A","N/A"
"Bandhavgarh National Park","Madhya Pradesh","Very high tiger density, so the saying Gaurs reintroduced from Kanha National Park Panpatha wildlife sanctuary","1968","Bengal tiger, striped hyena, caracal, gaur, sambar deer, nilgai, barking deer, chital,","Sone River, Ban sagar Lake","N/A"
"Dinosaur Fossils National Park","Madhya Pradesh","N/A","N/A","N/A","N/A","N/A"
"Ghughua Fossil National Park","Madhya Pradesh","N/A","1983","N/A","N/A","N/A"
"Kanha National Park","Madhya Pradesh","largest of the state of Madhya Pradesh with area 941.793 km2.","1955","Barasingha or swamp deer","Halo and Banjar rivers","N/A"
"Kuno National Park","Madhya Pradesh","Area 748.761 km2.","2018","Asiatic Lion Reintroduction Project, India's first cheetah sanctuary","Kuno River","N/A"
"Madhav National Park","Madhya Pradesh","Sakhya Sagar, a man-made reservoir within the park, has been designated as a Ramsar site since 2022.","1959","N/A","N/A","N/A"
"Panna National Park","Madhya Pradesh","Ken Gharial Sanctuary","1981","N/A","Ken river","N/A"
"Pench National Park","Madhya Pradesh","Pench Tiger Reserve","1975","Rudyard Kipling's 'Jungle Book' was set in this NP.","Pench river","N/A"
"Sanjay National Park","Madhya Pradesh","dry deciduous forests ecoregion, Sanjay-Dubri Tiger Reserve","1981","N/A","N/A","N/A"
"Satpura National Park","Madhya Pradesh","Bori and Pachmarhi wildlife sanctuaries","1981","N/A","-","N/A"
"Van Vihar National Park","Madhya Pradesh","N/A","1979","N/A","N/A","N/A"
"Chandoli National Park","Maharashtra","N/A","2004","N/A","N/A","N/A"
"Gugamal National Park","Maharashtra","N/A","N/A","N/A","N/A","N/A"
"Nawegaon National Park","Maharashtra","N/A","N/A","N/A","N/A","N/A"
"Sanjay Gandhi National Park(Borivili)","Maharashtra","N/A","N/A","N/A","N/A","N/A"
"Tadoba Andhari National Park","Maharashtra","N/A","N/A","N/A","N/A","N/A"
"Pench National Park(Jawaharlal Nehru)","Maharashtra","N/A","N/A","N/A","N/A","N/A"
"Keibul -Lamjao National Park","Manipur","N/A","N/A","N/A","N/A","N/A"
"Shiroi National Park","Manipur","N/A","N/A","N/A","N/A","N/A"
"AK National Park","Meghalaya","N/A","N/A","N/A","N/A","N/A"
"Nokrek National Park","Meghalaya","N/A","N/A","N/A","N/A","N/A"
"Murlen National Park","Mizoram","N/A","N/A","N/A","N/A","N/A"
"Phawngpui Blue Mountain National Park","Mizoram","N/A","N/A","N/A","N/A","N/A"
"Inangki National Park","Nagaland","N/A","N/A","N/A","N/A","N/A"
"Bhitarkanika National Park","Odisha","N/A","N/A","N/A","N/A","N/A"
"Simlipal National Park","Odisha","N/A","N/A","N/A","N/A","N/A"
"Desert National Park","Rajasthan","N/A","N/A","N/A","N/A","N/A"
"Keoladeo Ghana National Park","Rajasthan","N/A","N/A","N/A","N/A","N/A"
"Mukundara Hills National Park","Rajasthan","N/A","N/A","N/A","N/A","N/A"
"Ranthambore National Park","Rajasthan","N/A","N/A","N/A","N/A","N/A"
"Sariska Tiger Reserve","Rajasthan","N/A","N/A","N/A","N/A","N/A"
"Khangchendzonga National Park","Sikkim","N/A","N/A","N/A","N/A","N/A"
"Indira Gandhi Sanctuary and National Park(Annamalai)","Tamil Nadu","N/A","N/A","N/A","N/A","N/A"
"Guindy National Park","Tamil Nadu","N/A","N/A","N/A","N/A","N/A"
"Gulf of Mannar Marine National Park","Tamil Nadu","N/A","N/A","N/A","N/A","N/A"
"Mudumalai National Park","Tamil Nadu","N/A","N/A","N/A","N/A","N/A"
"Mukurthi National Park","Tamil Nadu","N/A","N/A","N/A","N/A","N/A"
"Mahavir Harina Vanasthali National Park","Telangana","N/A","N/A","N/A","N/A","N/A"
"Kasu Brahmananda Reddy National Park","Telangana","N/A","N/A","N/A","N/A","N/A"
"Mrugavani National Park","Telangana","N/A","N/A","N/A","N/A","N/A"
"Bison (Rajbari) National Park","Tripura","N/A","N/A","N/A","N/A","N/A"
"Clouded Leopard National Park","Tripura","N/A","N/A","N/A","N/A","N/A"
"Dudhwa National Park","Uttar Pradesh","Near Palia Kalan, Gola Gokarannath Located in Lakhimpur Kheri district.","1977","Park is home of world's half population of Barasingha Also a tiger sanctuary under Project Tiger","Barasingha, Bengal tiger","Sharda River"
"Gangotri National Park","Uttarakhand","N/A","N/A","N/A","N/A","N/A"
"Govind Pashu Vihar National Park","Uttarakhand","N/A","N/A","N/A","N/A","N/A"
"Jim Corbett National Park","Uttarakhand","N/A","N/A","N/A","N/A","N/A"
"Nanda Devi National Park","Uttarakhand","N/A","N/A","N/A","N/A","N/A"
"Rajaji National Park","Uttarakhand","N/A","N/A","N/A","N/A","N/A"
"Valley of Flowers National Park","Uttarakhand","N/A","N/A","N/A","N/A","N/A"
"Buxa Tiger Reserve","West Bengal","N/A","N/A","N/A","N/A","N/A"
"Gorumara National Park","West Bengal","N/A","N/A","N/A","N/A","N/A"
"Jaldapara National Park","West Bengal","N/A","N/A","N/A","N/A","N/A"
"Neora Valley National Park","West Bengal","N/A","N/A","N/A","N/A","N/A"
"Singalila National Park","West Bengal","N/A","N/A","N/A","N/A","N/A"
"Sundarbans National Park","West Bengal","N/A","N/A","N/A","N/A","N/A"
